"reward","event_id","action","action_prob","model_id","observation","sample_prob"
"0","228999215335582800606427570056048279554","1","0.9995","bandits-1597538280-model-id-1597538631","[]","0.15440313733658906"
"1","229001249122514541771973596329253404674","1","0.9995","bandits-1597538280-model-id-1597538631","[]","0.45416677130518457"
"0","229002412984221876315092845489883840514","1","0.9995","bandits-1597538280-model-id-1597538631","[]","0.4752003320367151"
"0","229003442950334561751481561561238208514","1","0.9995","bandits-1597538280-model-id-1597538631","[]","0.48561194269044505"
"0","229004457863096369477646134859242012674","1","0.9995","bandits-1597538280-model-id-1597538631","[]","0.1840410363492342"
"1","229005442669156421783362422610544689154","1","0.9995","bandits-1597538280-model-id-1597538631","[]","0.2100486168514507"
"0","229006455205073354081596868102229983234","1","0.9995","bandits-1597538280-model-id-1597538631","[]","0.39174232353752125"
"0","229008424817193458693029443604835336194","1","0.9995","bandits-1597538280-model-id-1597538631","[]","0.6742631185158877"
"0","229009479344036523551362813674814308354","1","0.9995","bandits-1597538280-model-id-1597538631","[]","0.3059209230151503"
"0","229011460048099380159802652273572708354","1","0.9995","bandits-1597538280-model-id-1597538631","[]","0.04258275144237811"
"0","229012459115228685033099706862786445314","1","0.9995","bandits-1597538280-model-id-1597538631","[]","0.7769207686594553"
"0","229013444713570362481459370549528625154","1","0.9995","bandits-1597538280-model-id-1597538631","[]","0.054397547081059594"
"0","229014439027009916498896169526105341954","1","0.9995","bandits-1597538280-model-id-1597538631","[]","0.07154728878247574"
"0","229016408639130021110328745028710694914","1","0.9995","bandits-1597538280-model-id-1597538631","[]","0.308321547230913"
"0","229018794199103325608268456616740913154","1","0.9995","bandits-1597538280-model-id-1597538631","[]","0.016189790511324298"
"0","229021508555951064304474411432479424514","1","0.9995","bandits-1597538280-model-id-1597538631","[]","0.19086166961291184"
"1","229023520158997301476005911513378455554","1","0.9995","bandits-1597538280-model-id-1597538631","[]","0.5976775655372746"
"0","229024506549620604067008951135560138754","1","0.9995","bandits-1597538280-model-id-1597538631","[]","0.5632585276411473"
"0","229025512747284535224096389143729405954","1","0.9995","bandits-1597538280-model-id-1597538631","[]","0.2972919314225706"
"1","229026503099315963528316308443108605954","1","0.9995","bandits-1597538280-model-id-1597538631","[]","0.34632720844929676"
"0","229027510089261519828047122386717376514","1","0.9995","bandits-1597538280-model-id-1597538631","[]","0.12995173925502435"
"1","229028528171149828124785199426479194114","1","0.9995","bandits-1597538280-model-id-1597538631","[]","0.6785916957023439"
"1","229029524069152632427508750273934917634","1","0.9995","bandits-1597538280-model-id-1597538631","[]","0.3131324580128948"
"1","229030527097690063014022684540346171394","1","0.9995","bandits-1597538280-model-id-1597538631","[]","0.3367892603056145"
"1","229031588755067754157411668049595072514","1","0.9995","bandits-1597538280-model-id-1597538631","[]","0.32775284063887256"
"0","229033066360298645188180078597095161858","1","0.9995","bandits-1597538280-model-id-1597538631","[]","0.3099920158728252"
"1","229034587541018919063461874640941613058","1","0.9995","bandits-1597538280-model-id-1597538631","[]","0.6555931177365094"
"1","229035636521890607923291613162844061698","1","0.9995","bandits-1597538280-model-id-1597538631","[]","0.2451775961647542"
"0","229036638758146413367162171493815812098","1","0.9995","bandits-1597538280-model-id-1597538631","[]","0.4956978270952277"
"1","229037657632316346806543624469017133058","1","0.9995","bandits-1597538280-model-id-1597538631","[]","0.39573662142095045"
"0","229039658143419831981067861453763117058","1","0.9995","bandits-1597538280-model-id-1597538631","[]","0.038184844184111943"
"1","229040650080014510570574532624021323778","1","0.9995","bandits-1597538280-model-id-1597538631","[]","0.46319169893128687"
"0","229043734432381190879099528316867182594","1","0.9995","bandits-1597538280-model-id-1597538631","[]","0.729252918767799"
"0","229044830157868763154888447029700329474","1","0.9995","bandits-1597538280-model-id-1597538631","[]","0.7550508443080424"
"0","229045887853838328583795320841437315074","1","0.9995","bandits-1597538280-model-id-1597538631","[]","0.624203493568776"
"0","229047939070965822887495617694311514114","1","0.9995","bandits-1597538280-model-id-1597538631","[]","0.5113070413437844"
"0","229048952399164380328373439121436311554","1","0.9995","bandits-1597538280-model-id-1597538631","[]","0.4036641715578808"
"1","229049959389109936628104253065045082114","1","0.9995","bandits-1597538280-model-id-1597538631","[]","0.16530453848123972"
"0","229051013915953001486437623135024054274","1","0.9995","bandits-1597538280-model-id-1597538631","[]","0.5429017159577272"
"1","229052017736772057215594933336874811394","1","0.9995","bandits-1597538280-model-id-1597538631","[]","0.546609171916092"
"1","229053023934435988372682371345044078594","1","0.9995","bandits-1597538280-model-id-1597538631","[]","0.5151680317449793"
"1","229054064992491425806078350512551493634","1","0.9995","bandits-1597538280-model-id-1597538631","[]","0.39721072647217404"
"1","229055056929086104395585021682809700354","1","0.9995","bandits-1597538280-model-id-1597538631","[]","0.5330977497513651"
"1","229056035396893155560154301950596349954","1","0.9995","bandits-1597538280-model-id-1597538631","[]","0.2948593197096513"
"0","229058020854645763024454396161991770114","1","0.9995","bandits-1597538280-model-id-1597538631","[]","0.4707476516761625"
"1","229059007245269065615457435784173453314","1","0.9995","bandits-1597538280-model-id-1597538631","[]","0.4161211889383405"
"1","229060001558708619632894234760750170114","1","0.9995","bandits-1597538280-model-id-1597538631","[]","0.14770272848433164"
"1","229060982403360546225393642834855329794","1","0.9995","bandits-1597538280-model-id-1597538631","[]","0.24158137226729925"
"0","229061970378547099101683434327916019714","1","0.9995","bandits-1597538280-model-id-1597538631","[]","0.06968009850965406"
"1","229062948054072525123609338660263165954","1","0.9995","bandits-1597538280-model-id-1597538631","[]","0.6911933920483017"
"1","229063943952075329426332889507718889474","1","0.9995","bandits-1597538280-model-id-1597538631","[]","0.01769070603909617"
"0","229064916873911004592398538227429015554","1","0.9995","bandits-1597538280-model-id-1597538631","[]","0.21364257079051985"
"0","229065885042056928902603931334502121474","1","0.9995","bandits-1597538280-model-id-1597538631","[]","0.7001524495666754"
"1","229066916592732864624279399276735496194","1","0.9995","bandits-1597538280-model-id-1597538631","[]","0.6418253024591214"
"1","229067955273943426629745250637924401154","1","0.9995","bandits-1597538280-model-id-1597538631","[]","0.41825682052613133"
"0","229068941664566729220748290260106084354","1","0.9995","bandits-1597538280-model-id-1597538631","[]","0.2398626986903254"
"1","229069943108540909521975472655638331394","1","0.9995","bandits-1597538280-model-id-1597538631","[]","0.062046818436111484"
"1","229070928706882586970335136342380511234","1","0.9995","bandits-1597538280-model-id-1597538631","[]","0.25012304694831544"
"1","229072934763957448143363004875203018754","1","0.9995","bandits-1597538280-model-id-1597538631","[]","0.2982200413503341"
"1","229073925115988876447582924174582218754","1","0.9995","bandits-1597538280-model-id-1597538631","[]","0.019674056055023703"
"0","229074910714330553895942587861324398594","1","0.9995","bandits-1597538280-model-id-1597538631","[]","0.3022364684285477"
"1","229075900274080357057519131225264095234","1","0.9995","bandits-1597538280-model-id-1597538631","[]","0.5734888221421078"
"0","229076884287858784220592043041127268354","1","0.9995","bandits-1597538280-model-id-1597538631","[]","0.2827080479729598"
"1","229077880185861588523315593888582991874","1","0.9995","bandits-1597538280-model-id-1597538631","[]","0.39370170000745763"
"0","229078880045272518539256024413236232194","1","0.9995","bandits-1597538280-model-id-1597538631","[]","0.32228547424848863"
"0","229079866435895821130259064035417915394","1","0.9995","bandits-1597538280-model-id-1597538631","[]","0.5176034564915474"
"1","229081821786946673174110872700112207874","1","0.9995","bandits-1597538280-model-id-1597538631","[]","0.2734575598597089"
"1","229084769866873828950112728470504210434","1","0.9995","bandits-1597538280-model-id-1597538631","[]","0.5961082170960694"
"0","229085774479974509821913414607794470914","1","0.9995","bandits-1597538280-model-id-1597538631","[]","0.1173033953299043"
"0","229086756909189686699699574552778637314","1","0.9995","bandits-1597538280-model-id-1597538631","[]","0.48366401741544507"
"1","229088736028689293022852661280658030594","1","0.9995","bandits-1597538280-model-id-1597538631","[]","0.2697155531886698"
"1","229093145075933211833223134977868300290","1","0.9995","bandits-1597538280-model-id-1597538631","[]","0.41597159339987233"
"1","229094176626609147554898602920101675010","1","0.9995","bandits-1597538280-model-id-1597538631","[]","0.31968452975942163"
"1","229095233530297087841162100796399157250","1","0.9995","bandits-1597538280-model-id-1597538631","[]","0.11995195276394688"
"1","229097212649796694164315187524278550530","1","0.9995","bandits-1597538280-model-id-1597538631","[]","0.18488129581582724"
"0","229098218847460625321402625532447817730","1","0.9995","bandits-1597538280-model-id-1597538631","[]","0.4843023803262819"
"1","229099202068957427341832161412871487490","1","0.9995","bandits-1597538280-model-id-1597538631","[]","0.30108884452706386"
"0","229100195590115356216625584454008700930","1","0.9995","bandits-1597538280-model-id-1597538631","[]","0.6204083343225191"
"1","229101202580060912516356398397617471490","1","0.9995","bandits-1597538280-model-id-1597538631","[]","0.6595264285037942"
"0","229102195308937216248506445503315181570","1","0.9995","bandits-1597538280-model-id-1597538631","[]","0.13206705526723617"
"0","229103184868687019410082988867254878210","1","0.9995","bandits-1597538280-model-id-1597538631","[]","0.033850847721953015"
"0","229104195820040701423030682488061165570","1","0.9995","bandits-1597538280-model-id-1597538631","[]","0.5674392449608172"
"1","229106170185850556890323513603303538690","1","0.9995","bandits-1597538280-model-id-1597538631","[]","0.3886116390467834"
"0","229107178760359363475341079417791315970","1","0.9995","bandits-1597538280-model-id-1597538631","[]","0.6720512908944062"
"1","229108180204333543776568261813323563010","1","0.9995","bandits-1597538280-model-id-1597538631","[]","0.06624263592938262"
"0","229109178479181223507221940467097796610","1","0.9995","bandits-1597538280-model-id-1597538631","[]","0.445657120679126"
"0","229110160908396400385008100412081963010","1","0.9995","bandits-1597538280-model-id-1597538631","[]","0.2534342643201485"
"0","229111163936933830971522034678493216770","1","0.9995","bandits-1597538280-model-id-1597538631","[]","0.752397126767866"
"0","229112161419499885559532337396827947010","1","0.9995","bandits-1597538280-model-id-1597538631","[]","0.1101253909101122"
"1","229113158109784315004899264179723173890","1","0.9995","bandits-1597538280-model-id-1597538631","[]","0.08537473278241714"
"1","229114155592350369592909566898057904130","1","0.9995","bandits-1597538280-model-id-1597538631","[]","0.157753157468836"
"1","229115133267875795614835471230405050370","1","0.9995","bandits-1597538280-model-id-1597538631","[]","0.09100683143425115"
"1","229118239011846354776869138153258221570","1","0.9995","bandits-1597538280-model-id-1597538631","[]","0.5621218311553443"
"1","229119229363877783081089057452637421570","1","0.9995","bandits-1597538280-model-id-1597538631","[]","0.07424836126589518"
"1","229120264083680219373338029136628809730","1","0.9995","bandits-1597538280-model-id-1597538631","[]","0.7173610723917802"
"1","229121259189401398533418204048645029890","1","0.9995","bandits-1597538280-model-id-1597538631","[]","0.686167758562227"
"1","229126456556862334273964340531787071490","1","0.9995","bandits-1597538280-model-id-1597538631","[]","0.07013354339363709"
"1","229127485730693394567709680667701936130","1","0.9995","bandits-1597538280-model-id-1597538631","[]","0.49762907497095965"
"1","229128516489087705146741772674495807490","1","0.9995","bandits-1597538280-model-id-1597538631","[]","0.7772244187915006"
"0","229129554378016642009564248100245209090","1","0.9995","bandits-1597538280-model-id-1597538631","[]","0.2964004059068859"
"0","229130578798157951447449332623523053570","1","0.9995","bandits-1597538280-model-id-1597538631","[]","0.1790169162514258"
"0","229132619715624318896785742315683708930","1","0.9995","bandits-1597538280-model-id-1597538631","[]","0.14568196577417414"
"0","229133652058581879761104586193356587010","1","0.9995","bandits-1597538280-model-id-1597538631","[]","0.050261511950215"
"0","229134670140470188057842663233118404610","1","0.9995","bandits-1597538280-model-id-1597538631","[]","0.799439008074706"
"1","229135689014640121497224116208319725570","1","0.9995","bandits-1597538280-model-id-1597538631","[]","0.6527675778558276"
"1","229136730072695558930620095375827140610","1","0.9995","bandits-1597538280-model-id-1597538631","[]","0.6897988775226432"
"1","229139097410191485150309227513003507714","1","0.9995","bandits-1597538280-model-id-1597538631","[]","0.7728201017709178"
"0","229140153521597800293929349453861486594","1","0.9995","bandits-1597538280-model-id-1597538631","[]","0.556445100180444"
"0","229141183487710485730318065525215854594","1","0.9995","bandits-1597538280-model-id-1597538631","[]","0.10256731107607187"
"0","229143333740041122864440354308027973634","1","0.9995","bandits-1597538280-model-id-1597538631","[]","0.579835709460441"
"0","229145343758524109750685102518047997954","1","0.9995","bandits-1597538280-model-id-1597538631","[]","0.28203367254765477"
"0","229146459291052310591276582572928401410","1","0.9995","bandits-1597538280-model-id-1597538631","[]","0.08376711553382477"
"1","229147679404755030262092130173389504514","1","0.9995","bandits-1597538280-model-id-1597538631","[]","0.5589653628039328"
"0","229148920117780003643756366044792487938","1","0.9995","bandits-1597538280-model-id-1597538631","[]","0.4296695634273998"
"0","229150092694585214755952750495257460738","1","0.9995","bandits-1597538280-model-id-1597538631","[]","0.7358674640210707"
"0","229151137714048777902565609339962392578","1","0.9995","bandits-1597538280-model-id-1597538631","[]","0.5434911626282345"
"1","229152235024099600461503758950533824514","1","0.9995","bandits-1597538280-model-id-1597538631","[]","0.48887827016194596"
"0","229153297473758916746270888374907830274","1","0.9995","bandits-1597538280-model-id-1597538631","[]","0.563091375015032"
"1","229154318724773725613582469156427661314","1","0.9995","bandits-1597538280-model-id-1597538631","[]","0.5139962199950323"
"0","229155355821421037333761568646737559554","1","0.9995","bandits-1597538280-model-id-1597538631","[]","0.6402222519500759"
"1","229156378656999096486359901299136397314","1","0.9995","bandits-1597538280-model-id-1597538631","[]","0.43755705580692417"
"1","229157533803608554460385408146306367490","1","0.9995","bandits-1597538280-model-id-1597538631","[]","0.5174004942817747"
"0","229158684196528261578567266404465246210","1","0.9995","bandits-1597538280-model-id-1597538631","[]","0.2871499216460287"
"0","229159716539485822442886110282138124290","1","0.9995","bandits-1597538280-model-id-1597538631","[]","0.2527597210201984"
"0","229161745572727812752571880942706229250","1","0.9995","bandits-1597538280-model-id-1597538631","[]","0.574031732854271"
"0","229162747016701993053799063338238476290","1","0.9995","bandits-1597538280-model-id-1597538631","[]","0.022931126510857047"
"1","229163858587822068184609628756628340738","1","0.9995","bandits-1597538280-model-id-1597538631","[]","0.36989679410320897"
"1","229165007396178525015367214170767491074","1","0.9995","bandits-1597538280-model-id-1597538631","[]","0.5556364700634772"
"0","229167105357921902735026691214572388354","1","0.9995","bandits-1597538280-model-id-1597538631","[]","0.5854956140759147"
"1","229168174145834220163078349095603142658","1","0.9995","bandits-1597538280-model-id-1597538631","[]","0.5871034156530033"
"1","229169284924672670149091410581786853378","1","0.9995","bandits-1597538280-model-id-1597538631","[]","0.14044526605803187"
"1","229170322021319981867132989098956029954","1","0.9995","bandits-1597538280-model-id-1597538631","[]","0.4984258571892973"
"1","229171354364277542731451832976628908034","1","0.9995","bandits-1597538280-model-id-1597538631","[]","0.09180585487023951"
"0","229172398591459480735421315885894336514","1","0.9995","bandits-1597538280-model-id-1597538631","[]","0.7338169355125321"
"0","229173442818641418739390798795159764994","1","0.9995","bandits-1597538280-model-id-1597538631","[]","0.630621415369937"
"0","229174481499851980744856650156348669954","1","0.9995","bandits-1597538280-model-id-1597538631","[]","0.6891320396241177"
"0","229177529407263904493923873792118095874","1","0.9995","bandits-1597538280-model-id-1597538631","[]","0.7892772402809551"
"1","229178533228082960223081183993968852994","1","0.9995","bandits-1597538280-model-id-1597538631","[]","0.6029900625996882"
"1","229179555271379394235173661684068909058","1","0.9995","bandits-1597538280-model-id-1597538631","[]","0.021887612371028653"
"0","229180617721038710517803270135302193154","1","0.9995","bandits-1597538280-model-id-1597538631","[]","0.6025585296020565"
"1","229181620749576141104317204401713446914","1","0.9995","bandits-1597538280-model-id-1597538631","[]","0.4753723710827664"
"0","229182628531803322546691394280761720834","1","0.9995","bandits-1597538280-model-id-1597538631","[]","0.49030869739315186"
"1","229185697830819125147129768173397737474","1","0.9995","bandits-1597538280-model-id-1597538631","[]","0.7564781333490549"
"1","229187738748285492596466177865558392834","1","0.9995","bandits-1597538280-model-id-1597538631","[]","0.7780695796067397"
"1","229188754453328925465274127099001700354","1","0.9995","bandits-1597538280-model-id-1597538631","[]","0.2954147286252191"
"1","229190769225501663207379130921658744834","1","0.9995","bandits-1597538280-model-id-1597538631","[]","0.6777413984774714"
"1","229191765123504467510102681769114468354","1","0.9995","bandits-1597538280-model-id-1597538631","[]","0.049734375372551876"
"1","229192764982915397526043112293767708674","1","0.9995","bandits-1597538280-model-id-1597538631","[]","0.6822253420769326"
"1","229193777518832329824277557785453002754","1","0.9995","bandits-1597538280-model-id-1597538631","[]","0.3440344076196631"
"1","229195781199062315569375298511957000194","1","0.9995","bandits-1597538280-model-id-1597538631","[]","0.6818192541274456"
"1","229196804826921999864617007099795341314","1","0.9995","bandits-1597538280-model-id-1597538631","[]","0.540294832982086"
"0","229197816570557307020208076656041132034","1","0.9995","bandits-1597538280-model-id-1597538631","[]","0.040486020504513776"
"0","229198815637686611893505131245254868994","1","0.9995","bandits-1597538280-model-id-1597538631","[]","0.6984770600827536"
"0","229199817873942417337375689576226619394","1","0.9995","bandits-1597538280-model-id-1597538631","[]","0.02348211842423209"
"1","229200832786704225063540262874230423554","1","0.9995","bandits-1597538280-model-id-1597538631","[]","0.24828888579847397"
"1","229201818385045902511899926560972603394","1","0.9995","bandits-1597538280-model-id-1597538631","[]","0.7960753604022001"
"1","229202857858538089662146674830741733378","1","0.9995","bandits-1597538280-model-id-1597538631","[]","0.7594842254188117"
"0","229203885447805899670605263095777591298","1","0.9995","bandits-1597538280-model-id-1597538631","[]","0.2255278182476118"
"1","229204905114257458252630092006418415618","1","0.9995","bandits-1597538280-model-id-1597538631","[]","0.6334734583173376"
"1","229205914481047889980291033756345696258","1","0.9995","bandits-1597538280-model-id-1597538631","[]","0.22925991015869562"
"1","229206911171332319425657960539240923138","1","0.9995","bandits-1597538280-model-id-1597538631","[]","0.7573208182485431"
"0","229207908653898374013668263257575653378","1","0.9995","bandits-1597538280-model-id-1597538631","[]","0.12615802993905956"
"0","229208912474717429742825573459426410498","1","0.9995","bandits-1597538280-model-id-1597538631","[]","0.253297278165424"
"1","229209902034467232904402116823366107138","1","0.9995","bandits-1597538280-model-id-1597538631","[]","0.7074683526675006"
"1","229210887632808910352761780510108286978","1","0.9995","bandits-1597538280-model-id-1597538631","[]","0.08686381002872334"
"1","229211900168725842648858705028652859394","1","0.9995","bandits-1597538280-model-id-1597538631","[]","0.5498192574417256"
"1","229215187345188559476208854143526371330","1","0.9995","bandits-1597538280-model-id-1597538631","[]","0.4897419765497826"
"0","229217144280802661805347414679099670530","1","0.9995","bandits-1597538280-model-id-1597538631","[]","0.404665696949962"
"1","229218116410356711828769687463370293250","1","0.9995","bandits-1597538280-model-id-1597538631","[]","0.6027535215299998"
"0","229219102800980014419772727085551976450","1","0.9995","bandits-1597538280-model-id-1597538631","[]","0.5230480570871834"
"0","229220090776166567296062518578612666370","1","0.9995","bandits-1597538280-model-id-1597538631","[]","0.40623337555883043"
"1","229221065282565492747414919169201799170","1","0.9995","bandits-1597538280-model-id-1597538631","[]","0.5772880432181206"
"0","229222056426878546194278214404020502530","1","0.9995","bandits-1597538280-model-id-1597538631","[]","0.18270675057625096"
"1","229223031725559096788273990930049138690","1","0.9995","bandits-1597538280-model-id-1597538631","[]","0.08218749226974786"
"0","229224006231958022239626391520638271490","1","0.9995","bandits-1597538280-model-id-1597538631","[]","0.09489842961824646"
"0","229225006091368952255566822045291511810","1","0.9995","bandits-1597538280-model-id-1597538631","[]","0.5783182279477734"
"1","229226007535343132556794004440823758850","1","0.9995","bandits-1597538280-model-id-1597538631","[]","0.49474996640331037"
"0","229226986003150183721363284708610408450","1","0.9995","bandits-1597538280-model-id-1597538631","[]","0.2763851210740571"
"1","229227974770618361740296452137110601730","1","0.9995","bandits-1597538280-model-id-1597538631","[]","0.21556945263257732"
"0","229228952446143787762222356469457747970","1","0.9995","bandits-1597538280-model-id-1597538631","[]","0.40443886660789896"
"0","229230050548476235465941402988609404930","1","0.9995","bandits-1597538280-model-id-1597538631","[]","0.6845144056674036"
"1","229231068630364543762679480028371222530","1","0.9995","bandits-1597538280-model-id-1597538631","[]","0.7043553745377689"
"0","229233020812288895235957784951307501570","1","0.9995","bandits-1597538280-model-id-1597538631","[]","0.3785862147340855"
"0","229233991357279694974093305864699117570","1","0.9995","bandits-1597538280-model-id-1597538631","[]","0.18842576934417365"
"0","229235962553963049870812633238183477250","1","0.9995","bandits-1597538280-model-id-1597538631","[]","0.4015965521131585"
"0","229238906672482079933597609331377963010","1","0.9995","bandits-1597538280-model-id-1597538631","[]","0.5502711014672357"
"0","229239880386599380242306633986527592450","1","0.9995","bandits-1597538280-model-id-1597538631","[]","0.07513322705685577"
"0","229240873115475683974456681092225302530","1","0.9995","bandits-1597538280-model-id-1597538631","[]","0.4426503314829606"
"1","229241849206437859711095833553693442050","1","0.9995","bandits-1597538280-model-id-1597538631","[]","0.7034254649714576"
"0","229242822920555160019804858208843071490","1","0.9995","bandits-1597538280-model-id-1597538631","[]","0.40776318521450305"
"1","229243823572247715178388664668935815170","1","0.9995","bandits-1597538280-model-id-1597538631","[]","0.47283381243713785"
"0","229244821054813769766398967387270545410","1","0.9995","bandits-1597538280-model-id-1597538631","[]","0.24617524975309835"
"1","229246795420623625233691798502512918530","1","0.9995","bandits-1597538280-model-id-1597538631","[]","0.7275786830887858"
"1","229247801618287556390779236510682185730","1","0.9995","bandits-1597538280-model-id-1597538631","[]","0.02066073538627089"
"0","229248780878376232697991892713908338690","1","0.9995","bandits-1597538280-model-id-1597538631","[]","0.6870193527362826"
"0","229250758413312588735858227570908725250","1","0.9995","bandits-1597538280-model-id-1597538631","[]","0.782387155592564"
"0","229254696052989547673436626705240424450","1","0.9995","bandits-1597538280-model-id-1597538631","[]","0.05337188520445668"
"1","229255670559388473124789027295829557250","1","0.9995","bandits-1597538280-model-id-1597538631","[]","0.7943440992296901"
"1","229256667249672902570155954078724784130","1","0.9995","bandits-1597538280-model-id-1597538631","[]","0.7083027887709952"
"1","229257642548353453164151730604753420290","1","0.9995","bandits-1597538280-model-id-1597538631","[]","0.7047801537944973"
"0","229258621016160504328721010872540069890","1","0.9995","bandits-1597538280-model-id-1597538631","[]","0.7087457981054062"
"1","229260875057384035149142154221553057794","1","0.9995","bandits-1597538280-model-id-1597538631","[]","0.522714548883848"
"0","229262059518413623402254407723924979714","1","0.9995","bandits-1597538280-model-id-1597538631","[]","0.3410314095773489"
"1","229263187727447826525139902745837436930","1","0.9995","bandits-1597538280-model-id-1597538631","[]","0.3769235900603469"
"1","229264179664042505114646573916095643650","1","0.9995","bandits-1597538280-model-id-1597538631","[]","0.11242658588797938"
"1","229265147832188429424851967023168749570","1","0.9995","bandits-1597538280-model-id-1597538631","[]","0.2987421404803101"
"0","229266177006019489718597307159083614210","1","0.9995","bandits-1597538280-model-id-1597538631","[]","0.6769856532021253"
"0","229267245001650182003149905175474470914","1","0.9995","bandits-1597538280-model-id-1597538631","[]","0.7455971643062496"
"0","229268343103982629706868951694626127874","1","0.9995","bandits-1597538280-model-id-1597538631","[]","0.7659663526634284"
"0","229269407930486821419566208925318643714","1","0.9995","bandits-1597538280-model-id-1597538631","[]","0.537508389442896"
"1","229270411751305877148723519127169400834","1","0.9995","bandits-1597538280-model-id-1597538631","[]","0.7900332530553061"
"0","229272427315760240033471898885265948674","1","0.9995","bandits-1597538280-model-id-1597538631","[]","0.4748703116412768"
"0","229274412773512847497771993096661368834","1","0.9995","bandits-1597538280-model-id-1597538631","[]","0.2238857294437997"
"0","229277416313153763258810164347818606594","1","0.9995","bandits-1597538280-model-id-1597538631","[]","0.7912885048751346"
"0","229279414447412373005404273526246080514","1","0.9995","bandits-1597538280-model-id-1597538631","[]","0.09892122769610079"
"0","229280406384007051594910944696504287234","1","0.9995","bandits-1597538280-model-id-1597538631","[]","0.5844582488129503"
"1","229281396736038479899130863995883487234","1","0.9995","bandits-1597538280-model-id-1597538631","[]","0.732655131516154"
"0","229282398972294285343001422326855237634","1","0.9995","bandits-1597538280-model-id-1597538631","[]","0.7264932401973877"
"0","229283401208550090786871980657826988034","1","0.9995","bandits-1597538280-model-id-1597538631","[]","0.3731141949682495"
"1","229285395381400574820249210159056945154","1","0.9995","bandits-1597538280-model-id-1597538631","[]","0.7410284333738467"
"1","229286380979742252268608873845799124994","1","0.9995","bandits-1597538280-model-id-1597538631","[]","0.16817850402485968"
"0","229287368162647180002255289403420311554","1","0.9995","bandits-1597538280-model-id-1597538631","[]","0.518901451920655"
"0","229288371983466235731412599605271068674","1","0.9995","bandits-1597538280-model-id-1597538631","[]","0.3630345291036762"
"1","229289358374089538322415639227452751874","1","0.9995","bandits-1597538280-model-id-1597538631","[]","0.1834821988859764"
"0","229290349518402591769278934462271455234","1","0.9995","bandits-1597538280-model-id-1597538631","[]","0.21610096131199363"
"0","229291358092911398354296500276759232514","1","0.9995","bandits-1597538280-model-id-1597538631","[]","0.06304603977416812"
"1","229293353850325132672960481648868196354","1","0.9995","bandits-1597538280-model-id-1597538631","[]","0.385057448275654"
"0","229294348163764686690397280625444913154","1","0.9995","bandits-1597538280-model-id-1597538631","[]","0.00630211423046978"
"1","229295343269485865850477455537461133314","1","0.9995","bandits-1597538280-model-id-1597538631","[]","0.051000384472774773"
"0","229296328867827543298837119224203313154","1","0.9995","bandits-1597538280-model-id-1597538631","[]","0.3713264633673996"
"1","229297316843014096175126910717264003074","1","0.9995","bandits-1597538280-model-id-1597538631","[]","0.6681173341628679"
"1","229298318286988276476354093112796250114","1","0.9995","bandits-1597538280-model-id-1597538631","[]","0.6032697184653731"
"1","229299317354117581349651147702009987074","1","0.9995","bandits-1597538280-model-id-1597538631","[]","0.4569330809900375"
"1","229300307706149009653871067001389187074","1","0.9995","bandits-1597538280-model-id-1597538631","[]","0.03361861853298309"
"0","229301315488376191096245256880437460994","1","0.9995","bandits-1597538280-model-id-1597538631","[]","0.14418713833786134"
"1","229302304255844369115178424308937654274","1","0.9995","bandits-1597538280-model-id-1597538631","[]","0.05120388439051593"
"0","229303293815594172276754967672877350914","1","0.9995","bandits-1597538280-model-id-1597538631","[]","0.24047162665360944"
"1","229304348342437237133806500698915995650","1","0.9995","bandits-1597538280-model-id-1597538631","[]","0.24276732232194564"
"1","229305420299476055130294141348564041730","1","0.9995","bandits-1597538280-model-id-1597538631","[]","0.6725562437877783"
"1","229306477203163995416557639224861523970","1","0.9995","bandits-1597538280-model-id-1597538631","[]","0.6097867378328876"
"0","229307515092092932279380114650610925570","1","0.9995","bandits-1597538280-model-id-1597538631","[]","0.16435393633048856"
"0","229308529212573114864183149057115553794","1","0.9995","bandits-1597538280-model-id-1597538631","[]","0.44937204995144964"
"0","229309529071984044880123579581768794114","1","0.9995","bandits-1597538280-model-id-1597538631","[]","0.6947491805469975"
"1","229310570130039482312237721705335881730","1","0.9995","bandits-1597538280-model-id-1597538631","[]","0.7564055216261939"
"0","229311643671641550594012114225862934530","1","0.9995","bandits-1597538280-model-id-1597538631","[]","0.49888040717182125"
"1","229312683937415362884764717457930846210","1","0.9995","bandits-1597538280-model-id-1597538631","[]","0.2729590673070045"
"1","229314678110265846918141946959160803330","1","0.9995","bandits-1597538280-model-id-1597538631","[]","0.009927131269406253"
"1","229315670046860525507648618129419010050","1","0.9995","bandits-1597538280-model-id-1597538631","[]","0.2354958066477214"
"1","229316657229765453241295033687040196610","1","0.9995","bandits-1597538280-model-id-1597538631","[]","0.26947587081007407"
"0","229319583125807105023282363265126105090","1","0.9995","bandits-1597538280-model-id-1597538631","[]","0.371258141221821"
"0","229320567139585532186355275080989278210","1","0.9995","bandits-1597538280-model-id-1597538631","[]","0.06227449436746535"
"1","229321537684576331924490795994380894210","1","0.9995","bandits-1597538280-model-id-1597538631","[]","0.6477359245035774"
"1","229322505852722256234696189101454000130","1","0.9995","bandits-1597538280-model-id-1597538631","[]","0.37470229357940643"
"0","229324462788336358563834749637027299330","1","0.9995","bandits-1597538280-model-id-1597538631","[]","0.7227196939399997"
"0","229325428579637407446110014937781895170","1","0.9995","bandits-1597538280-model-id-1597538631","[]","0.2159575299475297"
"0","229326415762542335179756430495403081730","1","0.9995","bandits-1597538280-model-id-1597538631","[]","0.5423712756054355"
"0","229327391061222885773752207021431717890","1","0.9995","bandits-1597538280-model-id-1597538631","[]","0.005961468789475566"
"1","229329345619992112674960639750686507010","1","0.9995","bandits-1597538280-model-id-1597538631","[]","0.29525431990422346"
"0","229330314580419662127809408793199116290","1","0.9995","bandits-1597538280-model-id-1597538631","[]","0.3732184006189184"
"0","229332264385499138173157585909816885250","1","0.9995","bandits-1597538280-model-id-1597538631","[]","0.7816384024731188"
"1","229334224490239741072869650187148197890","1","0.9995","bandits-1597538280-model-id-1597538631","[]","0.06596898297684362"
"0","229335198996638666524222050777737330690","1","0.9995","bandits-1597538280-model-id-1597538631","[]","0.6506879074405233"
"1","229336182218135468544651586658161000450","1","0.9995","bandits-1597538280-model-id-1597538631","[]","0.743633425861863"
"0","229337151178563017997500355700673609730","1","0.9995","bandits-1597538280-model-id-1597538631","[]","0.49749346224738844"
"0","229338124100398693163566004420383735810","1","0.9995","bandits-1597538280-model-id-1597538631","[]","0.4184988383996756"
"1","229339120790683122608932931203278962690","1","0.9995","bandits-1597538280-model-id-1597538631","[]","0.2800856329083454"
"1","229340107181306425199935970825460645890","1","0.9995","bandits-1597538280-model-id-1597538631","[]","0.045688217418735966"
"1","229341079310860475223358243609731268610","1","0.9995","bandits-1597538280-model-id-1597538631","[]","0.5179157120860939"
"0","229342069662891903527578162909110468610","1","0.9995","bandits-1597538280-model-id-1597538631","[]","0.7346894837357786"
"0","229343047338417329549504067241457614850","1","0.9995","bandits-1597538280-model-id-1597538631","[]","0.291217868731112"
"0","229344023429379505286143219702925754370","1","0.9995","bandits-1597538280-model-id-1597538631","[]","0.7866754314612013"
"0","229345141338752581557228501652005322754","1","0.9995","bandits-1597538280-model-id-1597538631","[]","0.44307875461233315"
"0","229348214599176509869601918177898528770","1","0.9995","bandits-1597538280-model-id-1597538631","[]","0.6963392323753861"
"1","229349193859265186176814574381124681730","1","0.9995","bandits-1597538280-model-id-1597538631","[]","0.3017041178821973"
"0","229350165196537611057593471229955801090","1","0.9995","bandits-1597538280-model-id-1597538631","[]","0.7373301938816076"
"1","229351137326091661081015744014226423810","1","0.9995","bandits-1597538280-model-id-1597538631","[]","0.545737393028869"
"0","229352121339870088244088655830089596930","1","0.9995","bandits-1597538280-model-id-1597538631","[]","0.5883409593671187"
"0","229353092677142513124867552678920716290","1","0.9995","bandits-1597538280-model-id-1597538631","[]","0.6485309579078051"
"0","229354064014414938005646449527751835650","1","0.9995","bandits-1597538280-model-id-1597538631","[]","0.5606054641661624"
"0","229355065458389118306873631923284082690","1","0.9995","bandits-1597538280-model-id-1597538631","[]","0.3197094698491484"
"1","229357044577888724630026718651163475970","1","0.9995","bandits-1597538280-model-id-1597538631","[]","0.32767067559404794"
"0","229358030176230402078386382337905655810","1","0.9995","bandits-1597538280-model-id-1597538631","[]","0.609789040941588"
"1","229359003098066077244452031057615781890","1","0.9995","bandits-1597538280-model-id-1597538631","[]","0.6840231063772482"
"1","229359972058493626697300800100128391170","1","0.9995","bandits-1597538280-model-id-1597538631","[]","0.3765647156675044"
"1","229361932955515854739656240312899207170","1","0.9995","bandits-1597538280-model-id-1597538631","[]","0.6804710544317782"
"1","229362916969294281902729152128762380290","1","0.9995","bandits-1597538280-model-id-1597538631","[]","0.4655395777657795"
"0","229363888306566706783508048977593499650","1","0.9995","bandits-1597538280-model-id-1597538631","[]","0.026686364830435072"
"1","229364870735781883661294208922577666050","1","0.9995","bandits-1597538280-model-id-1597538631","[]","0.16060359764164456"
"1","229365843657617558827359857642287792130","1","0.9995","bandits-1597538280-model-id-1597538631","[]","0.14970780840086062"
"0","229366810241200232852278498878481891330","1","0.9995","bandits-1597538280-model-id-1597538631","[]","0.7094507573996636"
"1","229367793462697034872708034758905561090","1","0.9995","bandits-1597538280-model-id-1597538631","[]","0.5757489268648106"
"0","229368767176814335181417059414055190530","1","0.9995","bandits-1597538280-model-id-1597538631","[]","0.4384929285660575"
"0","229369739306368385204839332198325813250","1","0.9995","bandits-1597538280-model-id-1597538631","[]","0.17606605685780796"
"0","229370731242963063794346003368584019970","1","0.9995","bandits-1597538280-model-id-1597538631","[]","0.09090516036523222"
"1","229371702580235488675124900217415139330","1","0.9995","bandits-1597538280-model-id-1597538631","[]","0.1361744708885867"
"1","229372672332944663270617045195367251970","1","0.9995","bandits-1597538280-model-id-1597538631","[]","0.7459756767949093"
"1","229374632437685266170329109472698564610","1","0.9995","bandits-1597538280-model-id-1597538631","[]","0.5601945928652272"
"0","229375596644423064767317622902574153730","1","0.9995","bandits-1597538280-model-id-1597538631","[]","0.6719230842356048"
"1","229376581450483117073033910653876830210","1","0.9995","bandits-1597538280-model-id-1597538631","[]","0.746977829614031"
"0","229377568633388044806680326211498016770","1","0.9995","bandits-1597538280-model-id-1597538631","[]","0.5218878665043862"
"0","229378547101195095971249606479284666370","1","0.9995","bandits-1597538280-model-id-1597538631","[]","0.5389275230492867"
"1","229379520023030771137315255198994792450","1","0.9995","bandits-1597538280-model-id-1597538631","[]","0.05396377897471771"
"0","229381472997236747753236936057370574850","1","0.9995","bandits-1597538280-model-id-1597538631","[]","0.6629618354937732"
"0","229382438788537796635512201358125170690","1","0.9995","bandits-1597538280-model-id-1597538631","[]","0.30561872732770556"
"0","229383421217752973513298361303109337090","1","0.9995","bandits-1597538280-model-id-1597538631","[]","0.13047130584968647"
"1","229384408400657901246944776860730523650","1","0.9995","bandits-1597538280-model-id-1597538631","[]","0.46197438107212585"
"0","229385390829873078124730936805714690050","1","0.9995","bandits-1597538280-model-id-1597538631","[]","0.2675592640311566"
"1","229386380389622881286307480169654386690","1","0.9995","bandits-1597538280-model-id-1597538631","[]","0.366829052901979"
"1","229387354103740181595016504824804016130","1","0.9995","bandits-1597538280-model-id-1597538631","[]","0.4335878695672921"
"0","229389288855468779930140539168071221250","1","0.9995","bandits-1597538280-model-id-1597538631","[]","0.18956888389496485"
"0","229390273661528832235856826919373897730","1","0.9995","bandits-1597538280-model-id-1597538631","[]","0.3728014715974104"
"0","229391240245111506260775468155567996930","1","0.9995","bandits-1597538280-model-id-1597538631","[]","0.3599663061970758"
"1","229392206828694180285694109391762096130","1","0.9995","bandits-1597538280-model-id-1597538631","[]","0.7828902624611641"
"1","229393192427035857734053773078504275970","1","0.9995","bandits-1597538280-model-id-1597538631","[]","0.3530006476064569"
"0","229394171687124534041266429281730428930","1","0.9995","bandits-1597538280-model-id-1597538631","[]","0.6107667329505473"
"1","229395150154931585205835709549517078530","1","0.9995","bandits-1597538280-model-id-1597538631","[]","0.6788378734698084"
"0","229397118974770064674624909116682928130","1","0.9995","bandits-1597538280-model-id-1597538631","[]","0.10472973921115336"
"1","229399092548298294999274364296485797890","1","0.9995","bandits-1597538280-model-id-1597538631","[]","0.5599181116541497"
"0","229400071016105346163843644564272447490","1","0.9995","bandits-1597538280-model-id-1597538631","[]","0.644001504996034"
"0","229401041561096145901979165477664063490","1","0.9995","bandits-1597538280-model-id-1597538631","[]","0.43279735695451327"
"1","229402997704428623088474350077797859330","1","0.9995","bandits-1597538280-model-id-1597538631","[]","0.23485940108470782"
"0","229406335586915349045017166084425515010","1","0.9995","bandits-1597538280-model-id-1597538631","[]","0.7756057745197567"
"1","229407325938946777349237085383804715010","1","0.9995","bandits-1597538280-model-id-1597538631","[]","0.7487876449502836"
"0","229408321836949581651960636231260438530","1","0.9995","bandits-1597538280-model-id-1597538631","[]","0.3293404120525206"
"1","229411307946394744274844536902748602370","1","0.9995","bandits-1597538280-model-id-1597538631","[]","0.0517596593328723"
"1","229412318105466801145148854588115386370","1","0.9995","bandits-1597538280-model-id-1597538631","[]","0.4896311867174493"
"1","229413376593717991716699104335291875330","1","0.9995","bandits-1597538280-model-id-1597538631","[]","0.10137011835575915"
"0","229414517479258197125314579364943364098","1","0.9995","bandits-1597538280-model-id-1597538631","[]","0.47035367667470773"
"1","229416825395632237643331158327075930114","1","0.9995","bandits-1597538280-model-id-1597538631","[]","0.6945136839556294"
"1","229417986088213071615876903745948352514","1","0.9995","bandits-1597538280-model-id-1597538631","[]","0.06163270019208267"
"0","229418998624130003914111349237633646594","1","0.9995","bandits-1597538280-model-id-1597538631","[]","0.5399344904204911"
"0","229419996898977683644765027891407880194","1","0.9995","bandits-1597538280-model-id-1597538631","[]","0.37184956416716897"
"1","229420992004698862804845202803424100354","1","0.9995","bandits-1597538280-model-id-1597538631","[]","0.034101621841950536"
"1","229422006917460670531009776101427904514","1","0.9995","bandits-1597538280-model-id-1597538631","[]","0.3676878445822068"
"0","229423005192308350261663454755202138114","1","0.9995","bandits-1597538280-model-id-1597538631","[]","0.5113588103626786"
"0","229424023274196658558401531794963955714","1","0.9995","bandits-1597538280-model-id-1597538631","[]","0.09754896177544425"
"0","229425035017831965713992601351209746434","1","0.9995","bandits-1597538280-model-id-1597538631","[]","0.5893358775473838"
"0","229426042800059147156366791230258020354","1","0.9995","bandits-1597538280-model-id-1597538631","[]","0.6081391472179518"
"0","229427038698061951459090342077713743874","1","0.9995","bandits-1597538280-model-id-1597538631","[]","0.3892040670409732"
"0","229428050441697258614681411633959534594","1","0.9995","bandits-1597538280-model-id-1597538631","[]","0.4989972940710362"
"0","229429048716544938345335090287733768194","1","0.9995","bandits-1597538280-model-id-1597538631","[]","0.14012940496274495"
"0","229430038276294741506911633651673464834","1","0.9995","bandits-1597538280-model-id-1597538631","[]","0.2607760995902916"
"0","229431049227648423519859327272479752194","1","0.9995","bandits-1597538280-model-id-1597538631","[]","0.618065938825615"
"0","229432041956524727252009374378177462274","1","0.9995","bandits-1597538280-model-id-1597538631","[]","0.727532273168328"
"1","229433032308556155556229293677556662274","1","0.9995","bandits-1597538280-model-id-1597538631","[]","0.38622808926899077"
"0","229434036129375211285386603879407419394","1","0.9995","bandits-1597538280-model-id-1597538631","[]","0.7938360353369202"
"0","229435032027378015588110154726863142914","1","0.9995","bandits-1597538280-model-id-1597538631","[]","0.15381318783415665"
"1","229437039669016127046424775130564657154","1","0.9995","bandits-1597538280-model-id-1597538631","[]","0.49186014275373047"
"0","229438035567018931349148325978020380674","1","0.9995","bandits-1597538280-model-id-1597538631","[]","0.523111042177911"
"0","229439027503613609938654997148278587394","1","0.9995","bandits-1597538280-model-id-1597538631","[]","0.06100318216500222"
"1","229441017715055968258815346972311027714","1","0.9995","bandits-1597538280-model-id-1597538631","[]","0.36489624943064813"
"1","229442022328156649130616033109601288194","1","0.9995","bandits-1597538280-model-id-1597538631","[]","0.2892037677356889"
"1","229444029177513135446287277577863299074","1","0.9995","bandits-1597538280-model-id-1597538631","[]","0.2713866431951456"
"0","229445023490952689463724076554440015874","1","0.9995","bandits-1597538280-model-id-1597538631","[]","0.36931265340182595"
"0","229446014635265742910587371789258719234","1","0.9995","bandits-1597538280-model-id-1597538631","[]","0.6758795131897369"
"1","229448015146369228085111608774004703234","1","0.9995","bandits-1597538280-model-id-1597538631","[]","0.7603635855251966"
"0","229449005498400656389331528073383903234","1","0.9995","bandits-1597538280-model-id-1597538631","[]","0.0704996269575221"
"0","229450017242035963544922597629629693954","1","0.9995","bandits-1597538280-model-id-1597538631","[]","0.5687495494179595"
"1","229451009970912267277072644735327404034","1","0.9995","bandits-1597538280-model-id-1597538631","[]","0.00940860680001221"
"1","229452059744065581281683280165810077698","1","0.9995","bandits-1597538280-model-id-1597538631","[]","0.007671312954668941"
"0","229453133285667649561320151713196408834","1","0.9995","bandits-1597538280-model-id-1597538631","[]","0.21986253118527022"
"1","229455138550460885591704644310579412994","1","0.9995","bandits-1597538280-model-id-1597538631","[]","0.7703291502387097"
"1","229456144748124816748792082318748680194","1","0.9995","bandits-1597538280-model-id-1597538631","[]","0.4374580078386625"
"0","229457140646127621051515633166204403714","1","0.9995","bandits-1597538280-model-id-1597538631","[]","0.20774676729843844"
"0","229460142601205286527267052546482634754","1","0.9995","bandits-1597538280-model-id-1597538631","[]","0.27654674282287783"
"1","229462144696872021987078041402107625474","1","0.9995","bandits-1597538280-model-id-1597538631","[]","0.7588838656401231"
"0","229463181793519333707257140892417523714","1","0.9995","bandits-1597538280-model-id-1597538631","[]","0.12760379299182356"
"0","229464182445211888865840947352510267394","1","0.9995","bandits-1597538280-model-id-1597538631","[]","0.204244805494751"
"1","229467190738542555482739374216304525314","1","0.9995","bandits-1597538280-model-id-1597538631","[]","0.10993445683608138"
"0","229468192182516735783966556611836772354","1","0.9995","bandits-1597538280-model-id-1597538631","[]","0.7398602397454443"
"1","229470199824154847242281177015538286594","1","0.9995","bandits-1597538280-model-id-1597538631","[]","0.4515646641542703"
"0","229471199683565777258221607540191526914","1","0.9995","bandits-1597538280-model-id-1597538631","[]","0.3200709011542232"
"0","229472212219482709556456053031876820994","1","0.9995","bandits-1597538280-model-id-1597538631","[]","0.05370974070863366"
"0","229474209561459694160406786274864791554","1","0.9995","bandits-1597538280-model-id-1597538631","[]","0.45287067037202233"
"0","229475219720531751030711103960231575554","1","0.9995","bandits-1597538280-model-id-1597538631","[]","0.5862543751095356"
"1","229476220372224306189294910420324319234","1","0.9995","bandits-1597538280-model-id-1597538631","[]","0.15191497655694586"
"0","229477210724255734493514829719703519234","1","0.9995","bandits-1597538280-model-id-1597538631","[]","0.6667475233209418"
"1","229478216921919665650602267727872786434","1","0.9995","bandits-1597538280-model-id-1597538631","[]","0.1337547410392076"
"1","229479208066232719097465562962691489794","1","0.9995","bandits-1597538280-model-id-1597538631","[]","0.3958421492624201"
"0","229480197625982522259042106326631186434","1","0.9995","bandits-1597538280-model-id-1597538631","[]","0.7808565569049772"
"1","229481190354858825991192153432328896514","1","0.9995","bandits-1597538280-model-id-1597538631","[]","0.22708716456321165"
"0","229482203683057383432069974859453693954","1","0.9995","bandits-1597538280-model-id-1597538631","[]","0.20960981988207505"
"1","229484187556246740611083317199970107394","1","0.9995","bandits-1597538280-model-id-1597538631","[]","0.36424626340549415"
"0","229485190584784171197597251466381361154","1","0.9995","bandits-1597538280-model-id-1597538631","[]","0.5133504827979181"
"1","229486202328419478353188321022627151874","1","0.9995","bandits-1597538280-model-id-1597538631","[]","0.3959523196256812"
"1","229489190814709516404002349500433825794","1","0.9995","bandits-1597538280-model-id-1597538631","[]","0.7066419250579316"
"0","229490185128149070421439148477010542594","1","0.9995","bandits-1597538280-model-id-1597538631","[]","0.6466501715734271"
"1","229491190533531376435883210549740306434","1","0.9995","bandits-1597538280-model-id-1597538631","[]","0.7819443708704032"
"0","229492187223815805881250137332635533314","1","0.9995","bandits-1597538280-model-id-1597538631","[]","0.6938170482968077"
"1","229493210851675490176491845920473874434","1","0.9995","bandits-1597538280-model-id-1597538631","[]","0.6723440897948394"
"0","229494251117449302467244449152541786114","1","0.9995","bandits-1597538280-model-id-1597538631","[]","0.048618710674276255"
"1","229495296929194490756500683932686221314","1","0.9995","bandits-1597538280-model-id-1597538631","[]","0.6820953907036832"
"0","229496322933899050479672520326843072514","1","0.9995","bandits-1597538280-model-id-1597538631","[]","0.2060737144139816"
"1","229499453238599989063650841248320847874","1","0.9995","bandits-1597538280-model-id-1597538631","[]","0.21293230756893167"
"1","229500510934569554492557715060057833474","1","0.9995","bandits-1597538280-model-id-1597538631","[]","0.4730116536569753"
"0","229501564669130994208247709194597302274","1","0.9995","bandits-1597538280-model-id-1597538631","[]","0.07736456704448724"
"1","229503639654707242791249284110656602114","1","0.9995","bandits-1597538280-model-id-1597538631","[]","0.47526992476947616"
"1","229504671205383178512924752052889976834","1","0.9995","bandits-1597538280-model-id-1597538631","[]","0.016377659989992854"
"1","229505717017128366802180986833034412034","1","0.9995","bandits-1597538280-model-id-1597538631","[]","0.565691264447534"
"1","229506770751689806517870980967573880834","1","0.9995","bandits-1597538280-model-id-1597538631","[]","0.7602378413522844"
"0","229507813394308494236553712005960302594","1","0.9995","bandits-1597538280-model-id-1597538631","[]","0.3211206217786847"
